[
  {
    "label": "bedroom1",
    "x": 8.0,
    "y": 0.0,
    "width": 4.699999999999999,
    "height": 4.7
  },
  {
    "label": "bedroom2",
    "x": 0.0,
    "y": 0.0,
    "width": 4.2,
    "height": 4.3
  },
  {
    "label": "washroom1",
    "x": 0.0,
    "y": 5.0,
    "width": 2.2,
    "height": 2.3
  },
  {
    "label": "washroom2",
    "x": 4.5,
    "y": 5.0,
    "width": 2.2,
    "height": 2.3
  },
  {
    "label": "washroom3",
    "x": 6.8,
    "y": 5.0,
    "width": 2.000000000000001,
    "height": 2.0
  },
  {
    "label": "balcony1",
    "x": 8.0,
    "y": 5.0,
    "width": 2.5,
    "height": 2.5
  },
  {
    "label": "livingroom1",
    "x": 5.0,
    "y": 7.0,
    "width": 6.0,
    "height": 5.199999999999999
  },
  {
    "label": "livingroom2",
    "x": 0.0,
    "y": 5.5,
    "width": 3.8,
    "height": 3.4000000000000004
  },
  {
    "label": "kitchen1",
    "x": 4.0,
    "y": 4.5,
    "width": 3.2,
    "height": 2.8
  }
]